"antibiotic","frequency"
"TET",0.0333333333333333
"AMP",0.0133333333333333
"SMX",0.0133333333333333
"TMP",0.00666666666666667
"CHL",0.0133333333333333
"GEN",0
"CIP",0.00666666666666667
"NAL",0
"AZI",0
"FOT",0.00666666666666667
"AMI",0
"TGC",0
"TAZ",0
"COL",0
"MERO",0
